date_key,full_date,year,month,day
20180101,2018-01-01,2018,1,1
20180102,2018-01-02,2018,1,2
20180103,2018-01-03,2018,1,3
20180104,2018-01-04,2018,1,4
20180105,2018-01-05,2018,1,5
20180106,2018-01-06,2018,1,6
20180107,2018-01-07,2018,1,7
20180108,2018-01-08,2018,1,8
20180109,2018-01-09,2018,1,9
20180110,2018-01-10,2018,1,10
20180111,2018-01-11,2018,1,11
20180112,2018-01-12,2018,1,12
20180113,2018-01-13,2018,1,13
20180114,2018-01-14,2018,1,14
20180115,2018-01-15,2018,1,15
20180116,2018-01-16,2018,1,16
20180117,2018-01-17,2018,1,17
20180118,2018-01-18,2018,1,18
20180119,2018-01-19,2018,1,19
20180120,2018-01-20,2018,1,20
20180121,2018-01-21,2018,1,21
20180122,2018-01-22,2018,1,22
20180123,2018-01-23,2018,1,23
20180124,2018-01-24,2018,1,24
20180125,2018-01-25,2018,1,25
20180126,2018-01-26,2018,1,26
20180127,2018-01-27,2018,1,27
20180128,2018-01-28,2018,1,28
20180129,2018-01-29,2018,1,29
20180130,2018-01-30,2018,1,30
20180131,2018-01-31,2018,1,31
20180201,2018-02-01,2018,2,1
20180202,2018-02-02,2018,2,2
20180203,2018-02-03,2018,2,3
20180204,2018-02-04,2018,2,4
20180205,2018-02-05,2018,2,5
20180206,2018-02-06,2018,2,6
20180207,2018-02-07,2018,2,7
20180208,2018-02-08,2018,2,8
20180209,2018-02-09,2018,2,9
20180210,2018-02-10,2018,2,10
20180211,2018-02-11,2018,2,11
20180212,2018-02-12,2018,2,12
20180213,2018-02-13,2018,2,13
20180214,2018-02-14,2018,2,14
20180215,2018-02-15,2018,2,15
20180216,2018-02-16,2018,2,16
20180217,2018-02-17,2018,2,17
20180218,2018-02-18,2018,2,18
20180219,2018-02-19,2018,2,19
20180220,2018-02-20,2018,2,20
20180221,2018-02-21,2018,2,21
20180222,2018-02-22,2018,2,22
20180223,2018-02-23,2018,2,23
20180224,2018-02-24,2018,2,24
20180225,2018-02-25,2018,2,25
20180226,2018-02-26,2018,2,26
20180227,2018-02-27,2018,2,27
20180228,2018-02-28,2018,2,28
20180301,2018-03-01,2018,3,1
20180302,2018-03-02,2018,3,2
20180303,2018-03-03,2018,3,3
20180304,2018-03-04,2018,3,4
20180305,2018-03-05,2018,3,5
20180306,2018-03-06,2018,3,6
20180307,2018-03-07,2018,3,7
20180308,2018-03-08,2018,3,8
20180309,2018-03-09,2018,3,9
20180310,2018-03-10,2018,3,10
20180311,2018-03-11,2018,3,11
20180312,2018-03-12,2018,3,12
20180313,2018-03-13,2018,3,13
20180314,2018-03-14,2018,3,14
20180315,2018-03-15,2018,3,15
20180316,2018-03-16,2018,3,16
20180317,2018-03-17,2018,3,17
20180318,2018-03-18,2018,3,18
20180319,2018-03-19,2018,3,19
20180320,2018-03-20,2018,3,20
20180321,2018-03-21,2018,3,21
20180322,2018-03-22,2018,3,22
20180323,2018-03-23,2018,3,23
20180324,2018-03-24,2018,3,24
20180325,2018-03-25,2018,3,25
20180326,2018-03-26,2018,3,26
20180327,2018-03-27,2018,3,27
20180328,2018-03-28,2018,3,28
20180329,2018-03-29,2018,3,29
20180330,2018-03-30,2018,3,30
20180331,2018-03-31,2018,3,31
20180401,2018-04-01,2018,4,1
20180402,2018-04-02,2018,4,2
20180403,2018-04-03,2018,4,3
20180404,2018-04-04,2018,4,4
20180405,2018-04-05,2018,4,5
20180406,2018-04-06,2018,4,6
20180407,2018-04-07,2018,4,7
20180408,2018-04-08,2018,4,8
20180409,2018-04-09,2018,4,9
20180410,2018-04-10,2018,4,10
20180411,2018-04-11,2018,4,11
20180412,2018-04-12,2018,4,12
20180413,2018-04-13,2018,4,13
20180414,2018-04-14,2018,4,14
20180415,2018-04-15,2018,4,15
20180416,2018-04-16,2018,4,16
20180417,2018-04-17,2018,4,17
20180418,2018-04-18,2018,4,18
20180419,2018-04-19,2018,4,19
20180420,2018-04-20,2018,4,20
20180421,2018-04-21,2018,4,21
20180422,2018-04-22,2018,4,22
20180423,2018-04-23,2018,4,23
20180424,2018-04-24,2018,4,24
20180425,2018-04-25,2018,4,25
20180426,2018-04-26,2018,4,26
20180427,2018-04-27,2018,4,27
20180428,2018-04-28,2018,4,28
20180429,2018-04-29,2018,4,29
20180430,2018-04-30,2018,4,30
20180501,2018-05-01,2018,5,1
20180502,2018-05-02,2018,5,2
20180503,2018-05-03,2018,5,3
20180504,2018-05-04,2018,5,4
20180505,2018-05-05,2018,5,5
20180506,2018-05-06,2018,5,6
20180507,2018-05-07,2018,5,7
20180508,2018-05-08,2018,5,8
20180509,2018-05-09,2018,5,9
20180510,2018-05-10,2018,5,10
20180511,2018-05-11,2018,5,11
20180512,2018-05-12,2018,5,12
20180513,2018-05-13,2018,5,13
20180514,2018-05-14,2018,5,14
20180515,2018-05-15,2018,5,15
20180516,2018-05-16,2018,5,16
20180517,2018-05-17,2018,5,17
20180518,2018-05-18,2018,5,18
20180519,2018-05-19,2018,5,19
20180520,2018-05-20,2018,5,20
20180521,2018-05-21,2018,5,21
20180522,2018-05-22,2018,5,22
20180523,2018-05-23,2018,5,23
20180524,2018-05-24,2018,5,24
20180525,2018-05-25,2018,5,25
20180526,2018-05-26,2018,5,26
20180527,2018-05-27,2018,5,27
20180528,2018-05-28,2018,5,28
20180529,2018-05-29,2018,5,29
20180530,2018-05-30,2018,5,30
20180531,2018-05-31,2018,5,31
20180601,2018-06-01,2018,6,1
20180602,2018-06-02,2018,6,2
20180603,2018-06-03,2018,6,3
20180604,2018-06-04,2018,6,4
20180605,2018-06-05,2018,6,5
20180606,2018-06-06,2018,6,6
20180607,2018-06-07,2018,6,7
20180608,2018-06-08,2018,6,8
20180609,2018-06-09,2018,6,9
20180610,2018-06-10,2018,6,10
20180611,2018-06-11,2018,6,11
20180612,2018-06-12,2018,6,12
20180613,2018-06-13,2018,6,13
20180614,2018-06-14,2018,6,14
20180615,2018-06-15,2018,6,15
20180616,2018-06-16,2018,6,16
20180617,2018-06-17,2018,6,17
20180618,2018-06-18,2018,6,18
20180619,2018-06-19,2018,6,19
20180620,2018-06-20,2018,6,20
20180621,2018-06-21,2018,6,21
20180622,2018-06-22,2018,6,22
20180623,2018-06-23,2018,6,23
20180624,2018-06-24,2018,6,24
20180625,2018-06-25,2018,6,25
20180626,2018-06-26,2018,6,26
20180627,2018-06-27,2018,6,27
20180628,2018-06-28,2018,6,28
20180629,2018-06-29,2018,6,29
20180630,2018-06-30,2018,6,30
20180701,2018-07-01,2018,7,1
20180702,2018-07-02,2018,7,2
20180703,2018-07-03,2018,7,3
20180704,2018-07-04,2018,7,4
20180705,2018-07-05,2018,7,5
20180706,2018-07-06,2018,7,6
20180707,2018-07-07,2018,7,7
20180708,2018-07-08,2018,7,8
20180709,2018-07-09,2018,7,9
20180710,2018-07-10,2018,7,10
20180711,2018-07-11,2018,7,11
20180712,2018-07-12,2018,7,12
20180713,2018-07-13,2018,7,13
20180714,2018-07-14,2018,7,14
20180715,2018-07-15,2018,7,15
20180716,2018-07-16,2018,7,16
20180717,2018-07-17,2018,7,17
20180718,2018-07-18,2018,7,18
20180719,2018-07-19,2018,7,19
20180720,2018-07-20,2018,7,20
20180721,2018-07-21,2018,7,21
20180722,2018-07-22,2018,7,22
20180723,2018-07-23,2018,7,23
20180724,2018-07-24,2018,7,24
20180725,2018-07-25,2018,7,25
20180726,2018-07-26,2018,7,26
20180727,2018-07-27,2018,7,27
20180728,2018-07-28,2018,7,28
20180729,2018-07-29,2018,7,29
20180730,2018-07-30,2018,7,30
20180731,2018-07-31,2018,7,31
20180801,2018-08-01,2018,8,1
20180802,2018-08-02,2018,8,2
20180803,2018-08-03,2018,8,3
20180804,2018-08-04,2018,8,4
20180805,2018-08-05,2018,8,5
20180806,2018-08-06,2018,8,6
20180807,2018-08-07,2018,8,7
20180808,2018-08-08,2018,8,8
20180809,2018-08-09,2018,8,9
20180810,2018-08-10,2018,8,10
20180811,2018-08-11,2018,8,11
20180812,2018-08-12,2018,8,12
20180813,2018-08-13,2018,8,13
20180814,2018-08-14,2018,8,14
20180815,2018-08-15,2018,8,15
20180816,2018-08-16,2018,8,16
20180817,2018-08-17,2018,8,17
20180818,2018-08-18,2018,8,18
20180819,2018-08-19,2018,8,19
20180820,2018-08-20,2018,8,20
20180821,2018-08-21,2018,8,21
20180822,2018-08-22,2018,8,22
20180823,2018-08-23,2018,8,23
20180824,2018-08-24,2018,8,24
20180825,2018-08-25,2018,8,25
20180826,2018-08-26,2018,8,26
20180827,2018-08-27,2018,8,27
20180828,2018-08-28,2018,8,28
20180829,2018-08-29,2018,8,29
20180830,2018-08-30,2018,8,30
20180831,2018-08-31,2018,8,31
20180901,2018-09-01,2018,9,1
20180902,2018-09-02,2018,9,2
20180903,2018-09-03,2018,9,3
20180904,2018-09-04,2018,9,4
20180905,2018-09-05,2018,9,5
20180906,2018-09-06,2018,9,6
20180907,2018-09-07,2018,9,7
20180908,2018-09-08,2018,9,8
20180909,2018-09-09,2018,9,9
20180910,2018-09-10,2018,9,10
20180911,2018-09-11,2018,9,11
20180912,2018-09-12,2018,9,12
20180913,2018-09-13,2018,9,13
20180914,2018-09-14,2018,9,14
20180915,2018-09-15,2018,9,15
20180916,2018-09-16,2018,9,16
20180917,2018-09-17,2018,9,17
20180918,2018-09-18,2018,9,18
20180919,2018-09-19,2018,9,19
20180920,2018-09-20,2018,9,20
20180921,2018-09-21,2018,9,21
20180922,2018-09-22,2018,9,22
20180923,2018-09-23,2018,9,23
20180924,2018-09-24,2018,9,24
20180925,2018-09-25,2018,9,25
20180926,2018-09-26,2018,9,26
20180927,2018-09-27,2018,9,27
20180928,2018-09-28,2018,9,28
20180929,2018-09-29,2018,9,29
20180930,2018-09-30,2018,9,30
20181001,2018-10-01,2018,10,1
20181002,2018-10-02,2018,10,2
20181003,2018-10-03,2018,10,3
20181004,2018-10-04,2018,10,4
20181005,2018-10-05,2018,10,5
20181006,2018-10-06,2018,10,6
20181007,2018-10-07,2018,10,7
20181008,2018-10-08,2018,10,8
20181009,2018-10-09,2018,10,9
20181010,2018-10-10,2018,10,10
20181011,2018-10-11,2018,10,11
20181012,2018-10-12,2018,10,12
20181013,2018-10-13,2018,10,13
20181014,2018-10-14,2018,10,14
20181015,2018-10-15,2018,10,15
20181016,2018-10-16,2018,10,16
20181017,2018-10-17,2018,10,17
20181018,2018-10-18,2018,10,18
20181019,2018-10-19,2018,10,19
20181020,2018-10-20,2018,10,20
20181021,2018-10-21,2018,10,21
20181022,2018-10-22,2018,10,22
20181023,2018-10-23,2018,10,23
20181024,2018-10-24,2018,10,24
20181025,2018-10-25,2018,10,25
20181026,2018-10-26,2018,10,26
20181027,2018-10-27,2018,10,27
20181028,2018-10-28,2018,10,28
20181029,2018-10-29,2018,10,29
20181030,2018-10-30,2018,10,30
20181031,2018-10-31,2018,10,31
20181101,2018-11-01,2018,11,1
20181102,2018-11-02,2018,11,2
20181103,2018-11-03,2018,11,3
20181104,2018-11-04,2018,11,4
20181105,2018-11-05,2018,11,5
20181106,2018-11-06,2018,11,6
20181107,2018-11-07,2018,11,7
20181108,2018-11-08,2018,11,8
20181109,2018-11-09,2018,11,9
20181110,2018-11-10,2018,11,10
20181111,2018-11-11,2018,11,11
20181112,2018-11-12,2018,11,12
20181113,2018-11-13,2018,11,13
20181114,2018-11-14,2018,11,14
20181115,2018-11-15,2018,11,15
20181116,2018-11-16,2018,11,16
20181117,2018-11-17,2018,11,17
20181118,2018-11-18,2018,11,18
20181119,2018-11-19,2018,11,19
20181120,2018-11-20,2018,11,20
20181121,2018-11-21,2018,11,21
20181122,2018-11-22,2018,11,22
20181123,2018-11-23,2018,11,23
20181124,2018-11-24,2018,11,24
20181125,2018-11-25,2018,11,25
20181126,2018-11-26,2018,11,26
20181127,2018-11-27,2018,11,27
20181128,2018-11-28,2018,11,28
20181129,2018-11-29,2018,11,29
20181130,2018-11-30,2018,11,30
20181201,2018-12-01,2018,12,1
20181202,2018-12-02,2018,12,2
20181203,2018-12-03,2018,12,3
20181204,2018-12-04,2018,12,4
20181205,2018-12-05,2018,12,5
20181206,2018-12-06,2018,12,6
20181207,2018-12-07,2018,12,7
20181208,2018-12-08,2018,12,8
20181209,2018-12-09,2018,12,9
20181210,2018-12-10,2018,12,10
20181211,2018-12-11,2018,12,11
20181212,2018-12-12,2018,12,12
20181213,2018-12-13,2018,12,13
20181214,2018-12-14,2018,12,14
20181215,2018-12-15,2018,12,15
20181216,2018-12-16,2018,12,16
20181217,2018-12-17,2018,12,17
20181218,2018-12-18,2018,12,18
20181219,2018-12-19,2018,12,19
20181220,2018-12-20,2018,12,20
20181221,2018-12-21,2018,12,21
20181222,2018-12-22,2018,12,22
20181223,2018-12-23,2018,12,23
20181224,2018-12-24,2018,12,24
20181225,2018-12-25,2018,12,25
20181226,2018-12-26,2018,12,26
20181227,2018-12-27,2018,12,27
20181228,2018-12-28,2018,12,28
20181229,2018-12-29,2018,12,29
20181230,2018-12-30,2018,12,30
20181231,2018-12-31,2018,12,31
20190101,2019-01-01,2019,1,1
20190102,2019-01-02,2019,1,2
20190103,2019-01-03,2019,1,3
20190104,2019-01-04,2019,1,4
20190105,2019-01-05,2019,1,5
20190106,2019-01-06,2019,1,6
20190107,2019-01-07,2019,1,7
20190108,2019-01-08,2019,1,8
20190109,2019-01-09,2019,1,9
20190110,2019-01-10,2019,1,10
20190111,2019-01-11,2019,1,11
20190112,2019-01-12,2019,1,12
20190113,2019-01-13,2019,1,13
20190114,2019-01-14,2019,1,14
20190115,2019-01-15,2019,1,15
20190116,2019-01-16,2019,1,16
20190117,2019-01-17,2019,1,17
20190118,2019-01-18,2019,1,18
20190119,2019-01-19,2019,1,19
20190120,2019-01-20,2019,1,20
20190121,2019-01-21,2019,1,21
20190122,2019-01-22,2019,1,22
20190123,2019-01-23,2019,1,23
20190124,2019-01-24,2019,1,24
20190125,2019-01-25,2019,1,25
20190126,2019-01-26,2019,1,26
20190127,2019-01-27,2019,1,27
20190128,2019-01-28,2019,1,28
20190129,2019-01-29,2019,1,29
20190130,2019-01-30,2019,1,30
20190131,2019-01-31,2019,1,31
20190201,2019-02-01,2019,2,1
20190202,2019-02-02,2019,2,2
20190203,2019-02-03,2019,2,3
20190204,2019-02-04,2019,2,4
20190205,2019-02-05,2019,2,5
20190206,2019-02-06,2019,2,6
20190207,2019-02-07,2019,2,7
20190208,2019-02-08,2019,2,8
20190209,2019-02-09,2019,2,9
20190210,2019-02-10,2019,2,10
20190211,2019-02-11,2019,2,11
20190212,2019-02-12,2019,2,12
20190213,2019-02-13,2019,2,13
20190214,2019-02-14,2019,2,14
20190215,2019-02-15,2019,2,15
20190216,2019-02-16,2019,2,16
20190217,2019-02-17,2019,2,17
20190218,2019-02-18,2019,2,18
20190219,2019-02-19,2019,2,19
20190220,2019-02-20,2019,2,20
20190221,2019-02-21,2019,2,21
20190222,2019-02-22,2019,2,22
20190223,2019-02-23,2019,2,23
20190224,2019-02-24,2019,2,24
20190225,2019-02-25,2019,2,25
20190226,2019-02-26,2019,2,26
20190227,2019-02-27,2019,2,27
20190228,2019-02-28,2019,2,28
20190301,2019-03-01,2019,3,1
20190302,2019-03-02,2019,3,2
20190303,2019-03-03,2019,3,3
20190304,2019-03-04,2019,3,4
20190305,2019-03-05,2019,3,5
20190306,2019-03-06,2019,3,6
20190307,2019-03-07,2019,3,7
20190308,2019-03-08,2019,3,8
20190309,2019-03-09,2019,3,9
20190310,2019-03-10,2019,3,10
20190311,2019-03-11,2019,3,11
20190312,2019-03-12,2019,3,12
20190313,2019-03-13,2019,3,13
20190314,2019-03-14,2019,3,14
20190315,2019-03-15,2019,3,15
20190316,2019-03-16,2019,3,16
20190317,2019-03-17,2019,3,17
20190318,2019-03-18,2019,3,18
20190319,2019-03-19,2019,3,19
20190320,2019-03-20,2019,3,20
20190321,2019-03-21,2019,3,21
20190322,2019-03-22,2019,3,22
20190323,2019-03-23,2019,3,23
20190324,2019-03-24,2019,3,24
20190325,2019-03-25,2019,3,25
20190326,2019-03-26,2019,3,26
20190327,2019-03-27,2019,3,27
20190328,2019-03-28,2019,3,28
20190329,2019-03-29,2019,3,29
20190330,2019-03-30,2019,3,30
20190331,2019-03-31,2019,3,31
20190401,2019-04-01,2019,4,1
20190402,2019-04-02,2019,4,2
20190403,2019-04-03,2019,4,3
20190404,2019-04-04,2019,4,4
20190405,2019-04-05,2019,4,5
20190406,2019-04-06,2019,4,6
20190407,2019-04-07,2019,4,7
20190408,2019-04-08,2019,4,8
20190409,2019-04-09,2019,4,9
20190410,2019-04-10,2019,4,10
20190411,2019-04-11,2019,4,11
20190412,2019-04-12,2019,4,12
20190413,2019-04-13,2019,4,13
20190414,2019-04-14,2019,4,14
20190415,2019-04-15,2019,4,15
20190416,2019-04-16,2019,4,16
20190417,2019-04-17,2019,4,17
20190418,2019-04-18,2019,4,18
20190419,2019-04-19,2019,4,19
20190420,2019-04-20,2019,4,20
20190421,2019-04-21,2019,4,21
20190422,2019-04-22,2019,4,22
20190423,2019-04-23,2019,4,23
20190424,2019-04-24,2019,4,24
20190425,2019-04-25,2019,4,25
20190426,2019-04-26,2019,4,26
20190427,2019-04-27,2019,4,27
20190428,2019-04-28,2019,4,28
20190429,2019-04-29,2019,4,29
20190430,2019-04-30,2019,4,30
20190501,2019-05-01,2019,5,1
20190502,2019-05-02,2019,5,2
20190503,2019-05-03,2019,5,3
20190504,2019-05-04,2019,5,4
20190505,2019-05-05,2019,5,5
20190506,2019-05-06,2019,5,6
20190507,2019-05-07,2019,5,7
20190508,2019-05-08,2019,5,8
20190509,2019-05-09,2019,5,9
20190510,2019-05-10,2019,5,10
20190511,2019-05-11,2019,5,11
20190512,2019-05-12,2019,5,12
20190513,2019-05-13,2019,5,13
20190514,2019-05-14,2019,5,14
20190515,2019-05-15,2019,5,15
20190516,2019-05-16,2019,5,16
20190517,2019-05-17,2019,5,17
20190518,2019-05-18,2019,5,18
20190519,2019-05-19,2019,5,19
20190520,2019-05-20,2019,5,20
20190521,2019-05-21,2019,5,21
20190522,2019-05-22,2019,5,22
20190523,2019-05-23,2019,5,23
20190524,2019-05-24,2019,5,24
20190525,2019-05-25,2019,5,25
20190526,2019-05-26,2019,5,26
20190527,2019-05-27,2019,5,27
20190528,2019-05-28,2019,5,28
20190529,2019-05-29,2019,5,29
20190530,2019-05-30,2019,5,30
20190531,2019-05-31,2019,5,31
20190601,2019-06-01,2019,6,1
20190602,2019-06-02,2019,6,2
20190603,2019-06-03,2019,6,3
20190604,2019-06-04,2019,6,4
20190605,2019-06-05,2019,6,5
20190606,2019-06-06,2019,6,6
20190607,2019-06-07,2019,6,7
20190608,2019-06-08,2019,6,8
20190609,2019-06-09,2019,6,9
20190610,2019-06-10,2019,6,10
20190611,2019-06-11,2019,6,11
20190612,2019-06-12,2019,6,12
20190613,2019-06-13,2019,6,13
20190614,2019-06-14,2019,6,14
20190615,2019-06-15,2019,6,15
20190616,2019-06-16,2019,6,16
20190617,2019-06-17,2019,6,17
20190618,2019-06-18,2019,6,18
20190619,2019-06-19,2019,6,19
20190620,2019-06-20,2019,6,20
20190621,2019-06-21,2019,6,21
20190622,2019-06-22,2019,6,22
20190623,2019-06-23,2019,6,23
20190624,2019-06-24,2019,6,24
20190625,2019-06-25,2019,6,25
20190626,2019-06-26,2019,6,26
20190627,2019-06-27,2019,6,27
20190628,2019-06-28,2019,6,28
20190629,2019-06-29,2019,6,29
20190630,2019-06-30,2019,6,30
20190701,2019-07-01,2019,7,1
20190702,2019-07-02,2019,7,2
20190703,2019-07-03,2019,7,3
20190704,2019-07-04,2019,7,4
20190705,2019-07-05,2019,7,5
20190706,2019-07-06,2019,7,6
20190707,2019-07-07,2019,7,7
20190708,2019-07-08,2019,7,8
20190709,2019-07-09,2019,7,9
20190710,2019-07-10,2019,7,10
20190711,2019-07-11,2019,7,11
20190712,2019-07-12,2019,7,12
20190713,2019-07-13,2019,7,13
20190714,2019-07-14,2019,7,14
20190715,2019-07-15,2019,7,15
20190716,2019-07-16,2019,7,16
20190717,2019-07-17,2019,7,17
20190718,2019-07-18,2019,7,18
20190719,2019-07-19,2019,7,19
20190720,2019-07-20,2019,7,20
20190721,2019-07-21,2019,7,21
20190722,2019-07-22,2019,7,22
20190723,2019-07-23,2019,7,23
20190724,2019-07-24,2019,7,24
20190725,2019-07-25,2019,7,25
20190726,2019-07-26,2019,7,26
20190727,2019-07-27,2019,7,27
20190728,2019-07-28,2019,7,28
20190729,2019-07-29,2019,7,29
20190730,2019-07-30,2019,7,30
20190731,2019-07-31,2019,7,31
20190801,2019-08-01,2019,8,1
20190802,2019-08-02,2019,8,2
20190803,2019-08-03,2019,8,3
20190804,2019-08-04,2019,8,4
20190805,2019-08-05,2019,8,5
20190806,2019-08-06,2019,8,6
20190807,2019-08-07,2019,8,7
20190808,2019-08-08,2019,8,8
20190809,2019-08-09,2019,8,9
20190810,2019-08-10,2019,8,10
20190811,2019-08-11,2019,8,11
20190812,2019-08-12,2019,8,12
20190813,2019-08-13,2019,8,13
20190814,2019-08-14,2019,8,14
20190815,2019-08-15,2019,8,15
20190816,2019-08-16,2019,8,16
20190817,2019-08-17,2019,8,17
20190818,2019-08-18,2019,8,18
20190819,2019-08-19,2019,8,19
20190820,2019-08-20,2019,8,20
20190821,2019-08-21,2019,8,21
20190822,2019-08-22,2019,8,22
20190823,2019-08-23,2019,8,23
20190824,2019-08-24,2019,8,24
20190825,2019-08-25,2019,8,25
20190826,2019-08-26,2019,8,26
20190827,2019-08-27,2019,8,27
20190828,2019-08-28,2019,8,28
20190829,2019-08-29,2019,8,29
20190830,2019-08-30,2019,8,30
20190831,2019-08-31,2019,8,31
20190901,2019-09-01,2019,9,1
20190902,2019-09-02,2019,9,2
20190903,2019-09-03,2019,9,3
20190904,2019-09-04,2019,9,4
20190905,2019-09-05,2019,9,5
20190906,2019-09-06,2019,9,6
20190907,2019-09-07,2019,9,7
20190908,2019-09-08,2019,9,8
20190909,2019-09-09,2019,9,9
20190910,2019-09-10,2019,9,10
20190911,2019-09-11,2019,9,11
20190912,2019-09-12,2019,9,12
20190913,2019-09-13,2019,9,13
20190914,2019-09-14,2019,9,14
20190915,2019-09-15,2019,9,15
20190916,2019-09-16,2019,9,16
20190917,2019-09-17,2019,9,17
20190918,2019-09-18,2019,9,18
20190919,2019-09-19,2019,9,19
20190920,2019-09-20,2019,9,20
20190921,2019-09-21,2019,9,21
20190922,2019-09-22,2019,9,22
20190923,2019-09-23,2019,9,23
20190924,2019-09-24,2019,9,24
20190925,2019-09-25,2019,9,25
20190926,2019-09-26,2019,9,26
20190927,2019-09-27,2019,9,27
20190928,2019-09-28,2019,9,28
20190929,2019-09-29,2019,9,29
20190930,2019-09-30,2019,9,30
20191001,2019-10-01,2019,10,1
20191002,2019-10-02,2019,10,2
20191003,2019-10-03,2019,10,3
20191004,2019-10-04,2019,10,4
20191005,2019-10-05,2019,10,5
20191006,2019-10-06,2019,10,6
20191007,2019-10-07,2019,10,7
20191008,2019-10-08,2019,10,8
20191009,2019-10-09,2019,10,9
20191010,2019-10-10,2019,10,10
20191011,2019-10-11,2019,10,11
20191012,2019-10-12,2019,10,12
20191013,2019-10-13,2019,10,13
20191014,2019-10-14,2019,10,14
20191015,2019-10-15,2019,10,15
20191016,2019-10-16,2019,10,16
20191017,2019-10-17,2019,10,17
20191018,2019-10-18,2019,10,18
20191019,2019-10-19,2019,10,19
20191020,2019-10-20,2019,10,20
20191021,2019-10-21,2019,10,21
20191022,2019-10-22,2019,10,22
20191023,2019-10-23,2019,10,23
20191024,2019-10-24,2019,10,24
20191025,2019-10-25,2019,10,25
20191026,2019-10-26,2019,10,26
20191027,2019-10-27,2019,10,27
20191028,2019-10-28,2019,10,28
20191029,2019-10-29,2019,10,29
20191030,2019-10-30,2019,10,30
20191031,2019-10-31,2019,10,31
20191101,2019-11-01,2019,11,1
20191102,2019-11-02,2019,11,2
20191103,2019-11-03,2019,11,3
20191104,2019-11-04,2019,11,4
20191105,2019-11-05,2019,11,5
20191106,2019-11-06,2019,11,6
20191107,2019-11-07,2019,11,7
20191108,2019-11-08,2019,11,8
20191109,2019-11-09,2019,11,9
20191110,2019-11-10,2019,11,10
20191111,2019-11-11,2019,11,11
20191112,2019-11-12,2019,11,12
20191113,2019-11-13,2019,11,13
20191114,2019-11-14,2019,11,14
20191115,2019-11-15,2019,11,15
20191116,2019-11-16,2019,11,16
20191117,2019-11-17,2019,11,17
20191118,2019-11-18,2019,11,18
20191119,2019-11-19,2019,11,19
20191120,2019-11-20,2019,11,20
20191121,2019-11-21,2019,11,21
20191122,2019-11-22,2019,11,22
20191123,2019-11-23,2019,11,23
20191124,2019-11-24,2019,11,24
20191125,2019-11-25,2019,11,25
20191126,2019-11-26,2019,11,26
20191127,2019-11-27,2019,11,27
20191128,2019-11-28,2019,11,28
20191129,2019-11-29,2019,11,29
20191130,2019-11-30,2019,11,30
20191201,2019-12-01,2019,12,1
20191202,2019-12-02,2019,12,2
20191203,2019-12-03,2019,12,3
20191204,2019-12-04,2019,12,4
20191205,2019-12-05,2019,12,5
20191206,2019-12-06,2019,12,6
20191207,2019-12-07,2019,12,7
20191208,2019-12-08,2019,12,8
20191209,2019-12-09,2019,12,9
20191210,2019-12-10,2019,12,10
20191211,2019-12-11,2019,12,11
20191212,2019-12-12,2019,12,12
20191213,2019-12-13,2019,12,13
20191214,2019-12-14,2019,12,14
20191215,2019-12-15,2019,12,15
20191216,2019-12-16,2019,12,16
20191217,2019-12-17,2019,12,17
20191218,2019-12-18,2019,12,18
20191219,2019-12-19,2019,12,19
20191220,2019-12-20,2019,12,20
20191221,2019-12-21,2019,12,21
20191222,2019-12-22,2019,12,22
20191223,2019-12-23,2019,12,23
20191224,2019-12-24,2019,12,24
20191225,2019-12-25,2019,12,25
20191226,2019-12-26,2019,12,26
20191227,2019-12-27,2019,12,27
20191228,2019-12-28,2019,12,28
20191229,2019-12-29,2019,12,29
20191230,2019-12-30,2019,12,30
20191231,2019-12-31,2019,12,31
20200101,2020-01-01,2020,1,1
20200102,2020-01-02,2020,1,2
20200103,2020-01-03,2020,1,3
20200104,2020-01-04,2020,1,4
20200105,2020-01-05,2020,1,5
20200106,2020-01-06,2020,1,6
20200107,2020-01-07,2020,1,7
20200108,2020-01-08,2020,1,8
20200109,2020-01-09,2020,1,9
20200110,2020-01-10,2020,1,10
20200111,2020-01-11,2020,1,11
20200112,2020-01-12,2020,1,12
20200113,2020-01-13,2020,1,13
20200114,2020-01-14,2020,1,14
20200115,2020-01-15,2020,1,15
20200116,2020-01-16,2020,1,16
20200117,2020-01-17,2020,1,17
20200118,2020-01-18,2020,1,18
20200119,2020-01-19,2020,1,19
20200120,2020-01-20,2020,1,20
20200121,2020-01-21,2020,1,21
20200122,2020-01-22,2020,1,22
20200123,2020-01-23,2020,1,23
20200124,2020-01-24,2020,1,24
20200125,2020-01-25,2020,1,25
20200126,2020-01-26,2020,1,26
20200127,2020-01-27,2020,1,27
20200128,2020-01-28,2020,1,28
20200129,2020-01-29,2020,1,29
20200130,2020-01-30,2020,1,30
20200131,2020-01-31,2020,1,31
20200201,2020-02-01,2020,2,1
20200202,2020-02-02,2020,2,2
20200203,2020-02-03,2020,2,3
20200204,2020-02-04,2020,2,4
20200205,2020-02-05,2020,2,5
20200206,2020-02-06,2020,2,6
20200207,2020-02-07,2020,2,7
20200208,2020-02-08,2020,2,8
20200209,2020-02-09,2020,2,9
20200210,2020-02-10,2020,2,10
20200211,2020-02-11,2020,2,11
20200212,2020-02-12,2020,2,12
20200213,2020-02-13,2020,2,13
20200214,2020-02-14,2020,2,14
20200215,2020-02-15,2020,2,15
20200216,2020-02-16,2020,2,16
20200217,2020-02-17,2020,2,17
20200218,2020-02-18,2020,2,18
20200219,2020-02-19,2020,2,19
20200220,2020-02-20,2020,2,20
20200221,2020-02-21,2020,2,21
20200222,2020-02-22,2020,2,22
20200223,2020-02-23,2020,2,23
20200224,2020-02-24,2020,2,24
20200225,2020-02-25,2020,2,25
20200226,2020-02-26,2020,2,26
20200227,2020-02-27,2020,2,27
20200228,2020-02-28,2020,2,28
20200229,2020-02-29,2020,2,29
20200301,2020-03-01,2020,3,1
20200302,2020-03-02,2020,3,2
20200303,2020-03-03,2020,3,3
20200304,2020-03-04,2020,3,4
20200305,2020-03-05,2020,3,5
20200306,2020-03-06,2020,3,6
20200307,2020-03-07,2020,3,7
20200308,2020-03-08,2020,3,8
20200309,2020-03-09,2020,3,9
20200310,2020-03-10,2020,3,10
20200311,2020-03-11,2020,3,11
20200312,2020-03-12,2020,3,12
20200313,2020-03-13,2020,3,13
20200314,2020-03-14,2020,3,14
20200315,2020-03-15,2020,3,15
20200316,2020-03-16,2020,3,16
20200317,2020-03-17,2020,3,17
20200318,2020-03-18,2020,3,18
20200319,2020-03-19,2020,3,19
20200320,2020-03-20,2020,3,20
20200321,2020-03-21,2020,3,21
20200322,2020-03-22,2020,3,22
20200323,2020-03-23,2020,3,23
20200324,2020-03-24,2020,3,24
20200325,2020-03-25,2020,3,25
20200326,2020-03-26,2020,3,26
20200327,2020-03-27,2020,3,27
20200328,2020-03-28,2020,3,28
20200329,2020-03-29,2020,3,29
20200330,2020-03-30,2020,3,30
20200331,2020-03-31,2020,3,31
20200401,2020-04-01,2020,4,1
20200402,2020-04-02,2020,4,2
20200403,2020-04-03,2020,4,3
20200404,2020-04-04,2020,4,4
20200405,2020-04-05,2020,4,5
20200406,2020-04-06,2020,4,6
20200407,2020-04-07,2020,4,7
20200408,2020-04-08,2020,4,8
20200409,2020-04-09,2020,4,9
20200410,2020-04-10,2020,4,10
20200411,2020-04-11,2020,4,11
20200412,2020-04-12,2020,4,12
20200413,2020-04-13,2020,4,13
20200414,2020-04-14,2020,4,14
20200415,2020-04-15,2020,4,15
20200416,2020-04-16,2020,4,16
20200417,2020-04-17,2020,4,17
20200418,2020-04-18,2020,4,18
20200419,2020-04-19,2020,4,19
20200420,2020-04-20,2020,4,20
20200421,2020-04-21,2020,4,21
20200422,2020-04-22,2020,4,22
20200423,2020-04-23,2020,4,23
20200424,2020-04-24,2020,4,24
20200425,2020-04-25,2020,4,25
20200426,2020-04-26,2020,4,26
20200427,2020-04-27,2020,4,27
20200428,2020-04-28,2020,4,28
20200429,2020-04-29,2020,4,29
20200430,2020-04-30,2020,4,30
20200501,2020-05-01,2020,5,1
20200502,2020-05-02,2020,5,2
20200503,2020-05-03,2020,5,3
20200504,2020-05-04,2020,5,4
20200505,2020-05-05,2020,5,5
20200506,2020-05-06,2020,5,6
20200507,2020-05-07,2020,5,7
20200508,2020-05-08,2020,5,8
20200509,2020-05-09,2020,5,9
20200510,2020-05-10,2020,5,10
20200511,2020-05-11,2020,5,11
20200512,2020-05-12,2020,5,12
20200513,2020-05-13,2020,5,13
20200514,2020-05-14,2020,5,14
20200515,2020-05-15,2020,5,15
20200516,2020-05-16,2020,5,16
20200517,2020-05-17,2020,5,17
20200518,2020-05-18,2020,5,18
20200519,2020-05-19,2020,5,19
20200520,2020-05-20,2020,5,20
20200521,2020-05-21,2020,5,21
20200522,2020-05-22,2020,5,22
20200523,2020-05-23,2020,5,23
20200524,2020-05-24,2020,5,24
20200525,2020-05-25,2020,5,25
20200526,2020-05-26,2020,5,26
20200527,2020-05-27,2020,5,27
20200528,2020-05-28,2020,5,28
20200529,2020-05-29,2020,5,29
20200530,2020-05-30,2020,5,30
20200531,2020-05-31,2020,5,31
20200601,2020-06-01,2020,6,1
20200602,2020-06-02,2020,6,2
20200603,2020-06-03,2020,6,3
20200604,2020-06-04,2020,6,4
20200605,2020-06-05,2020,6,5
20200606,2020-06-06,2020,6,6
20200607,2020-06-07,2020,6,7
20200608,2020-06-08,2020,6,8
20200609,2020-06-09,2020,6,9
20200610,2020-06-10,2020,6,10
20200611,2020-06-11,2020,6,11
20200612,2020-06-12,2020,6,12
20200613,2020-06-13,2020,6,13
20200614,2020-06-14,2020,6,14
20200615,2020-06-15,2020,6,15
20200616,2020-06-16,2020,6,16
20200617,2020-06-17,2020,6,17
20200618,2020-06-18,2020,6,18
20200619,2020-06-19,2020,6,19
20200620,2020-06-20,2020,6,20
20200621,2020-06-21,2020,6,21
20200622,2020-06-22,2020,6,22
20200623,2020-06-23,2020,6,23
20200624,2020-06-24,2020,6,24
20200625,2020-06-25,2020,6,25
20200626,2020-06-26,2020,6,26
20200627,2020-06-27,2020,6,27
20200628,2020-06-28,2020,6,28
20200629,2020-06-29,2020,6,29
20200630,2020-06-30,2020,6,30
20200701,2020-07-01,2020,7,1
20200702,2020-07-02,2020,7,2
20200703,2020-07-03,2020,7,3
20200704,2020-07-04,2020,7,4
20200705,2020-07-05,2020,7,5
20200706,2020-07-06,2020,7,6
20200707,2020-07-07,2020,7,7
20200708,2020-07-08,2020,7,8
20200709,2020-07-09,2020,7,9
20200710,2020-07-10,2020,7,10
20200711,2020-07-11,2020,7,11
20200712,2020-07-12,2020,7,12
20200713,2020-07-13,2020,7,13
20200714,2020-07-14,2020,7,14
20200715,2020-07-15,2020,7,15
20200716,2020-07-16,2020,7,16
20200717,2020-07-17,2020,7,17
20200718,2020-07-18,2020,7,18
20200719,2020-07-19,2020,7,19
20200720,2020-07-20,2020,7,20
20200721,2020-07-21,2020,7,21
20200722,2020-07-22,2020,7,22
20200723,2020-07-23,2020,7,23
20200724,2020-07-24,2020,7,24
20200725,2020-07-25,2020,7,25
20200726,2020-07-26,2020,7,26
20200727,2020-07-27,2020,7,27
20200728,2020-07-28,2020,7,28
20200729,2020-07-29,2020,7,29
20200730,2020-07-30,2020,7,30
20200731,2020-07-31,2020,7,31
20200801,2020-08-01,2020,8,1
20200802,2020-08-02,2020,8,2
20200803,2020-08-03,2020,8,3
20200804,2020-08-04,2020,8,4
20200805,2020-08-05,2020,8,5
20200806,2020-08-06,2020,8,6
20200807,2020-08-07,2020,8,7
20200808,2020-08-08,2020,8,8
20200809,2020-08-09,2020,8,9
20200810,2020-08-10,2020,8,10
20200811,2020-08-11,2020,8,11
20200812,2020-08-12,2020,8,12
20200813,2020-08-13,2020,8,13
20200814,2020-08-14,2020,8,14
20200815,2020-08-15,2020,8,15
20200816,2020-08-16,2020,8,16
20200817,2020-08-17,2020,8,17
20200818,2020-08-18,2020,8,18
20200819,2020-08-19,2020,8,19
20200820,2020-08-20,2020,8,20
20200821,2020-08-21,2020,8,21
20200822,2020-08-22,2020,8,22
20200823,2020-08-23,2020,8,23
20200824,2020-08-24,2020,8,24
20200825,2020-08-25,2020,8,25
20200826,2020-08-26,2020,8,26
20200827,2020-08-27,2020,8,27
20200828,2020-08-28,2020,8,28
20200829,2020-08-29,2020,8,29
20200830,2020-08-30,2020,8,30
20200831,2020-08-31,2020,8,31
20200901,2020-09-01,2020,9,1
20200902,2020-09-02,2020,9,2
20200903,2020-09-03,2020,9,3
20200904,2020-09-04,2020,9,4
20200905,2020-09-05,2020,9,5
20200906,2020-09-06,2020,9,6
20200907,2020-09-07,2020,9,7
20200908,2020-09-08,2020,9,8
20200909,2020-09-09,2020,9,9
20200910,2020-09-10,2020,9,10
20200911,2020-09-11,2020,9,11
20200912,2020-09-12,2020,9,12
20200913,2020-09-13,2020,9,13
20200914,2020-09-14,2020,9,14
20200915,2020-09-15,2020,9,15
20200916,2020-09-16,2020,9,16
20200917,2020-09-17,2020,9,17
20200918,2020-09-18,2020,9,18
20200919,2020-09-19,2020,9,19
20200920,2020-09-20,2020,9,20
20200921,2020-09-21,2020,9,21
20200922,2020-09-22,2020,9,22
20200923,2020-09-23,2020,9,23
20200924,2020-09-24,2020,9,24
20200925,2020-09-25,2020,9,25
20200926,2020-09-26,2020,9,26
20200927,2020-09-27,2020,9,27
20200928,2020-09-28,2020,9,28
20200929,2020-09-29,2020,9,29
20200930,2020-09-30,2020,9,30
20201001,2020-10-01,2020,10,1
20201002,2020-10-02,2020,10,2
20201003,2020-10-03,2020,10,3
20201004,2020-10-04,2020,10,4
20201005,2020-10-05,2020,10,5
20201006,2020-10-06,2020,10,6
20201007,2020-10-07,2020,10,7
20201008,2020-10-08,2020,10,8
20201009,2020-10-09,2020,10,9
20201010,2020-10-10,2020,10,10
20201011,2020-10-11,2020,10,11
20201012,2020-10-12,2020,10,12
20201013,2020-10-13,2020,10,13
20201014,2020-10-14,2020,10,14
20201015,2020-10-15,2020,10,15
20201016,2020-10-16,2020,10,16
20201017,2020-10-17,2020,10,17
20201018,2020-10-18,2020,10,18
20201019,2020-10-19,2020,10,19
20201020,2020-10-20,2020,10,20
20201021,2020-10-21,2020,10,21
20201022,2020-10-22,2020,10,22
20201023,2020-10-23,2020,10,23
20201024,2020-10-24,2020,10,24
20201025,2020-10-25,2020,10,25
20201026,2020-10-26,2020,10,26
20201027,2020-10-27,2020,10,27
20201028,2020-10-28,2020,10,28
20201029,2020-10-29,2020,10,29
20201030,2020-10-30,2020,10,30
20201031,2020-10-31,2020,10,31
20201101,2020-11-01,2020,11,1
20201102,2020-11-02,2020,11,2
20201103,2020-11-03,2020,11,3
20201104,2020-11-04,2020,11,4
20201105,2020-11-05,2020,11,5
20201106,2020-11-06,2020,11,6
20201107,2020-11-07,2020,11,7
20201108,2020-11-08,2020,11,8
20201109,2020-11-09,2020,11,9
20201110,2020-11-10,2020,11,10
20201111,2020-11-11,2020,11,11
20201112,2020-11-12,2020,11,12
20201113,2020-11-13,2020,11,13
20201114,2020-11-14,2020,11,14
20201115,2020-11-15,2020,11,15
20201116,2020-11-16,2020,11,16
20201117,2020-11-17,2020,11,17
20201118,2020-11-18,2020,11,18
20201119,2020-11-19,2020,11,19
20201120,2020-11-20,2020,11,20
20201121,2020-11-21,2020,11,21
20201122,2020-11-22,2020,11,22
20201123,2020-11-23,2020,11,23
20201124,2020-11-24,2020,11,24
20201125,2020-11-25,2020,11,25
20201126,2020-11-26,2020,11,26
20201127,2020-11-27,2020,11,27
20201128,2020-11-28,2020,11,28
20201129,2020-11-29,2020,11,29
20201130,2020-11-30,2020,11,30
20201201,2020-12-01,2020,12,1
20201202,2020-12-02,2020,12,2
20201203,2020-12-03,2020,12,3
20201204,2020-12-04,2020,12,4
20201205,2020-12-05,2020,12,5
20201206,2020-12-06,2020,12,6
20201207,2020-12-07,2020,12,7
20201208,2020-12-08,2020,12,8
20201209,2020-12-09,2020,12,9
20201210,2020-12-10,2020,12,10
20201211,2020-12-11,2020,12,11
20201212,2020-12-12,2020,12,12
20201213,2020-12-13,2020,12,13
20201214,2020-12-14,2020,12,14
20201215,2020-12-15,2020,12,15
20201216,2020-12-16,2020,12,16
20201217,2020-12-17,2020,12,17
20201218,2020-12-18,2020,12,18
20201219,2020-12-19,2020,12,19
20201220,2020-12-20,2020,12,20
20201221,2020-12-21,2020,12,21
20201222,2020-12-22,2020,12,22
20201223,2020-12-23,2020,12,23
20201224,2020-12-24,2020,12,24
20201225,2020-12-25,2020,12,25
20201226,2020-12-26,2020,12,26
20201227,2020-12-27,2020,12,27
20201228,2020-12-28,2020,12,28
20201229,2020-12-29,2020,12,29
20201230,2020-12-30,2020,12,30
20201231,2020-12-31,2020,12,31
20210101,2021-01-01,2021,1,1
20210102,2021-01-02,2021,1,2
20210103,2021-01-03,2021,1,3
20210104,2021-01-04,2021,1,4
20210105,2021-01-05,2021,1,5
20210106,2021-01-06,2021,1,6
20210107,2021-01-07,2021,1,7
20210108,2021-01-08,2021,1,8
20210109,2021-01-09,2021,1,9
20210110,2021-01-10,2021,1,10
20210111,2021-01-11,2021,1,11
20210112,2021-01-12,2021,1,12
20210113,2021-01-13,2021,1,13
20210114,2021-01-14,2021,1,14
20210115,2021-01-15,2021,1,15
20210116,2021-01-16,2021,1,16
20210117,2021-01-17,2021,1,17
20210118,2021-01-18,2021,1,18
20210119,2021-01-19,2021,1,19
20210120,2021-01-20,2021,1,20
20210121,2021-01-21,2021,1,21
20210122,2021-01-22,2021,1,22
20210123,2021-01-23,2021,1,23
20210124,2021-01-24,2021,1,24
20210125,2021-01-25,2021,1,25
20210126,2021-01-26,2021,1,26
20210127,2021-01-27,2021,1,27
20210128,2021-01-28,2021,1,28
20210129,2021-01-29,2021,1,29
20210130,2021-01-30,2021,1,30
20210131,2021-01-31,2021,1,31
20210201,2021-02-01,2021,2,1
20210202,2021-02-02,2021,2,2
20210203,2021-02-03,2021,2,3
20210204,2021-02-04,2021,2,4
20210205,2021-02-05,2021,2,5
20210206,2021-02-06,2021,2,6
20210207,2021-02-07,2021,2,7
20210208,2021-02-08,2021,2,8
20210209,2021-02-09,2021,2,9
20210210,2021-02-10,2021,2,10
20210211,2021-02-11,2021,2,11
20210212,2021-02-12,2021,2,12
20210213,2021-02-13,2021,2,13
20210214,2021-02-14,2021,2,14
20210215,2021-02-15,2021,2,15
20210216,2021-02-16,2021,2,16
20210217,2021-02-17,2021,2,17
20210218,2021-02-18,2021,2,18
20210219,2021-02-19,2021,2,19
20210220,2021-02-20,2021,2,20
20210221,2021-02-21,2021,2,21
20210222,2021-02-22,2021,2,22
20210223,2021-02-23,2021,2,23
20210224,2021-02-24,2021,2,24
20210225,2021-02-25,2021,2,25
20210226,2021-02-26,2021,2,26
20210227,2021-02-27,2021,2,27
20210228,2021-02-28,2021,2,28
20210301,2021-03-01,2021,3,1
20210302,2021-03-02,2021,3,2
20210303,2021-03-03,2021,3,3
20210304,2021-03-04,2021,3,4
20210305,2021-03-05,2021,3,5
20210306,2021-03-06,2021,3,6
20210307,2021-03-07,2021,3,7
20210308,2021-03-08,2021,3,8
20210309,2021-03-09,2021,3,9
20210310,2021-03-10,2021,3,10
20210311,2021-03-11,2021,3,11
20210312,2021-03-12,2021,3,12
20210313,2021-03-13,2021,3,13
20210314,2021-03-14,2021,3,14
20210315,2021-03-15,2021,3,15
20210316,2021-03-16,2021,3,16
20210317,2021-03-17,2021,3,17
20210318,2021-03-18,2021,3,18
20210319,2021-03-19,2021,3,19
20210320,2021-03-20,2021,3,20
20210321,2021-03-21,2021,3,21
20210322,2021-03-22,2021,3,22
20210323,2021-03-23,2021,3,23
20210324,2021-03-24,2021,3,24
20210325,2021-03-25,2021,3,25
20210326,2021-03-26,2021,3,26
20210327,2021-03-27,2021,3,27
20210328,2021-03-28,2021,3,28
20210329,2021-03-29,2021,3,29
20210330,2021-03-30,2021,3,30
20210331,2021-03-31,2021,3,31
20210401,2021-04-01,2021,4,1
20210402,2021-04-02,2021,4,2
20210403,2021-04-03,2021,4,3
20210404,2021-04-04,2021,4,4
20210405,2021-04-05,2021,4,5
20210406,2021-04-06,2021,4,6
20210407,2021-04-07,2021,4,7
20210408,2021-04-08,2021,4,8
20210409,2021-04-09,2021,4,9
20210410,2021-04-10,2021,4,10
20210411,2021-04-11,2021,4,11
20210412,2021-04-12,2021,4,12
20210413,2021-04-13,2021,4,13
20210414,2021-04-14,2021,4,14
20210415,2021-04-15,2021,4,15
20210416,2021-04-16,2021,4,16
20210417,2021-04-17,2021,4,17
20210418,2021-04-18,2021,4,18
20210419,2021-04-19,2021,4,19
20210420,2021-04-20,2021,4,20
20210421,2021-04-21,2021,4,21
20210422,2021-04-22,2021,4,22
20210423,2021-04-23,2021,4,23
20210424,2021-04-24,2021,4,24
20210425,2021-04-25,2021,4,25
20210426,2021-04-26,2021,4,26
20210427,2021-04-27,2021,4,27
20210428,2021-04-28,2021,4,28
20210429,2021-04-29,2021,4,29
20210430,2021-04-30,2021,4,30
20210501,2021-05-01,2021,5,1
20210502,2021-05-02,2021,5,2
20210503,2021-05-03,2021,5,3
20210504,2021-05-04,2021,5,4
20210505,2021-05-05,2021,5,5
20210506,2021-05-06,2021,5,6
20210507,2021-05-07,2021,5,7
20210508,2021-05-08,2021,5,8
20210509,2021-05-09,2021,5,9
20210510,2021-05-10,2021,5,10
20210511,2021-05-11,2021,5,11
20210512,2021-05-12,2021,5,12
20210513,2021-05-13,2021,5,13
20210514,2021-05-14,2021,5,14
20210515,2021-05-15,2021,5,15
20210516,2021-05-16,2021,5,16
20210517,2021-05-17,2021,5,17
20210518,2021-05-18,2021,5,18
20210519,2021-05-19,2021,5,19
20210520,2021-05-20,2021,5,20
20210521,2021-05-21,2021,5,21
20210522,2021-05-22,2021,5,22
20210523,2021-05-23,2021,5,23
20210524,2021-05-24,2021,5,24
20210525,2021-05-25,2021,5,25
20210526,2021-05-26,2021,5,26
20210527,2021-05-27,2021,5,27
20210528,2021-05-28,2021,5,28
20210529,2021-05-29,2021,5,29
20210530,2021-05-30,2021,5,30
20210531,2021-05-31,2021,5,31
20210601,2021-06-01,2021,6,1
20210602,2021-06-02,2021,6,2
20210603,2021-06-03,2021,6,3
20210604,2021-06-04,2021,6,4
20210605,2021-06-05,2021,6,5
20210606,2021-06-06,2021,6,6
20210607,2021-06-07,2021,6,7
20210608,2021-06-08,2021,6,8
20210609,2021-06-09,2021,6,9
20210610,2021-06-10,2021,6,10
20210611,2021-06-11,2021,6,11
20210612,2021-06-12,2021,6,12
20210613,2021-06-13,2021,6,13
20210614,2021-06-14,2021,6,14
20210615,2021-06-15,2021,6,15
20210616,2021-06-16,2021,6,16
20210617,2021-06-17,2021,6,17
20210618,2021-06-18,2021,6,18
20210619,2021-06-19,2021,6,19
20210620,2021-06-20,2021,6,20
20210621,2021-06-21,2021,6,21
20210622,2021-06-22,2021,6,22
20210623,2021-06-23,2021,6,23
20210624,2021-06-24,2021,6,24
20210625,2021-06-25,2021,6,25
20210626,2021-06-26,2021,6,26
20210627,2021-06-27,2021,6,27
20210628,2021-06-28,2021,6,28
20210629,2021-06-29,2021,6,29
20210630,2021-06-30,2021,6,30
20210701,2021-07-01,2021,7,1
20210702,2021-07-02,2021,7,2
20210703,2021-07-03,2021,7,3
20210704,2021-07-04,2021,7,4
20210705,2021-07-05,2021,7,5
20210706,2021-07-06,2021,7,6
20210707,2021-07-07,2021,7,7
20210708,2021-07-08,2021,7,8
20210709,2021-07-09,2021,7,9
20210710,2021-07-10,2021,7,10
20210711,2021-07-11,2021,7,11
20210712,2021-07-12,2021,7,12
20210713,2021-07-13,2021,7,13
20210714,2021-07-14,2021,7,14
20210715,2021-07-15,2021,7,15
20210716,2021-07-16,2021,7,16
20210717,2021-07-17,2021,7,17
20210718,2021-07-18,2021,7,18
20210719,2021-07-19,2021,7,19
20210720,2021-07-20,2021,7,20
20210721,2021-07-21,2021,7,21
20210722,2021-07-22,2021,7,22
20210723,2021-07-23,2021,7,23
20210724,2021-07-24,2021,7,24
20210725,2021-07-25,2021,7,25
20210726,2021-07-26,2021,7,26
20210727,2021-07-27,2021,7,27
20210728,2021-07-28,2021,7,28
20210729,2021-07-29,2021,7,29
20210730,2021-07-30,2021,7,30
20210731,2021-07-31,2021,7,31
20210801,2021-08-01,2021,8,1
20210802,2021-08-02,2021,8,2
20210803,2021-08-03,2021,8,3
20210804,2021-08-04,2021,8,4
20210805,2021-08-05,2021,8,5
20210806,2021-08-06,2021,8,6
20210807,2021-08-07,2021,8,7
20210808,2021-08-08,2021,8,8
20210809,2021-08-09,2021,8,9
20210810,2021-08-10,2021,8,10
20210811,2021-08-11,2021,8,11
20210812,2021-08-12,2021,8,12
20210813,2021-08-13,2021,8,13
20210814,2021-08-14,2021,8,14
20210815,2021-08-15,2021,8,15
20210816,2021-08-16,2021,8,16
20210817,2021-08-17,2021,8,17
20210818,2021-08-18,2021,8,18
20210819,2021-08-19,2021,8,19
20210820,2021-08-20,2021,8,20
20210821,2021-08-21,2021,8,21
20210822,2021-08-22,2021,8,22
20210823,2021-08-23,2021,8,23
20210824,2021-08-24,2021,8,24
20210825,2021-08-25,2021,8,25
20210826,2021-08-26,2021,8,26
20210827,2021-08-27,2021,8,27
20210828,2021-08-28,2021,8,28
20210829,2021-08-29,2021,8,29
20210830,2021-08-30,2021,8,30
20210831,2021-08-31,2021,8,31
20210901,2021-09-01,2021,9,1
20210902,2021-09-02,2021,9,2
20210903,2021-09-03,2021,9,3
20210904,2021-09-04,2021,9,4
20210905,2021-09-05,2021,9,5
20210906,2021-09-06,2021,9,6
20210907,2021-09-07,2021,9,7
20210908,2021-09-08,2021,9,8
20210909,2021-09-09,2021,9,9
20210910,2021-09-10,2021,9,10
20210911,2021-09-11,2021,9,11
20210912,2021-09-12,2021,9,12
20210913,2021-09-13,2021,9,13
20210914,2021-09-14,2021,9,14
20210915,2021-09-15,2021,9,15
20210916,2021-09-16,2021,9,16
20210917,2021-09-17,2021,9,17
20210918,2021-09-18,2021,9,18
20210919,2021-09-19,2021,9,19
20210920,2021-09-20,2021,9,20
20210921,2021-09-21,2021,9,21
20210922,2021-09-22,2021,9,22
20210923,2021-09-23,2021,9,23
20210924,2021-09-24,2021,9,24
20210925,2021-09-25,2021,9,25
20210926,2021-09-26,2021,9,26
20210927,2021-09-27,2021,9,27
20210928,2021-09-28,2021,9,28
20210929,2021-09-29,2021,9,29
20210930,2021-09-30,2021,9,30
20211001,2021-10-01,2021,10,1
20211002,2021-10-02,2021,10,2
20211003,2021-10-03,2021,10,3
20211004,2021-10-04,2021,10,4
20211005,2021-10-05,2021,10,5
20211006,2021-10-06,2021,10,6
20211007,2021-10-07,2021,10,7
20211008,2021-10-08,2021,10,8
20211009,2021-10-09,2021,10,9
20211010,2021-10-10,2021,10,10
20211011,2021-10-11,2021,10,11
20211012,2021-10-12,2021,10,12
20211013,2021-10-13,2021,10,13
20211014,2021-10-14,2021,10,14
20211015,2021-10-15,2021,10,15
20211016,2021-10-16,2021,10,16
20211017,2021-10-17,2021,10,17
20211018,2021-10-18,2021,10,18
20211019,2021-10-19,2021,10,19
20211020,2021-10-20,2021,10,20
20211021,2021-10-21,2021,10,21
20211022,2021-10-22,2021,10,22
20211023,2021-10-23,2021,10,23
20211024,2021-10-24,2021,10,24
20211025,2021-10-25,2021,10,25
20211026,2021-10-26,2021,10,26
20211027,2021-10-27,2021,10,27
20211028,2021-10-28,2021,10,28
20211029,2021-10-29,2021,10,29
20211030,2021-10-30,2021,10,30
20211031,2021-10-31,2021,10,31
20211101,2021-11-01,2021,11,1
20211102,2021-11-02,2021,11,2
20211103,2021-11-03,2021,11,3
20211104,2021-11-04,2021,11,4
20211105,2021-11-05,2021,11,5
20211106,2021-11-06,2021,11,6
20211107,2021-11-07,2021,11,7
20211108,2021-11-08,2021,11,8
20211109,2021-11-09,2021,11,9
20211110,2021-11-10,2021,11,10
20211111,2021-11-11,2021,11,11
20211112,2021-11-12,2021,11,12
20211113,2021-11-13,2021,11,13
20211114,2021-11-14,2021,11,14
20211115,2021-11-15,2021,11,15
20211116,2021-11-16,2021,11,16
20211117,2021-11-17,2021,11,17
20211118,2021-11-18,2021,11,18
20211119,2021-11-19,2021,11,19
20211120,2021-11-20,2021,11,20
20211121,2021-11-21,2021,11,21
20211122,2021-11-22,2021,11,22
20211123,2021-11-23,2021,11,23
20211124,2021-11-24,2021,11,24
20211125,2021-11-25,2021,11,25
20211126,2021-11-26,2021,11,26
20211127,2021-11-27,2021,11,27
20211128,2021-11-28,2021,11,28
20211129,2021-11-29,2021,11,29
20211130,2021-11-30,2021,11,30
20211201,2021-12-01,2021,12,1
20211202,2021-12-02,2021,12,2
20211203,2021-12-03,2021,12,3
20211204,2021-12-04,2021,12,4
20211205,2021-12-05,2021,12,5
20211206,2021-12-06,2021,12,6
20211207,2021-12-07,2021,12,7
20211208,2021-12-08,2021,12,8
20211209,2021-12-09,2021,12,9
20211210,2021-12-10,2021,12,10
20211211,2021-12-11,2021,12,11
20211212,2021-12-12,2021,12,12
20211213,2021-12-13,2021,12,13
20211214,2021-12-14,2021,12,14
20211215,2021-12-15,2021,12,15
20211216,2021-12-16,2021,12,16
20211217,2021-12-17,2021,12,17
20211218,2021-12-18,2021,12,18
20211219,2021-12-19,2021,12,19
20211220,2021-12-20,2021,12,20
20211221,2021-12-21,2021,12,21
20211222,2021-12-22,2021,12,22
20211223,2021-12-23,2021,12,23
20211224,2021-12-24,2021,12,24
20211225,2021-12-25,2021,12,25
20211226,2021-12-26,2021,12,26
20211227,2021-12-27,2021,12,27
20211228,2021-12-28,2021,12,28
20211229,2021-12-29,2021,12,29
20211230,2021-12-30,2021,12,30
20211231,2021-12-31,2021,12,31
20220101,2022-01-01,2022,1,1
20220102,2022-01-02,2022,1,2
20220103,2022-01-03,2022,1,3
20220104,2022-01-04,2022,1,4
20220105,2022-01-05,2022,1,5
20220106,2022-01-06,2022,1,6
20220107,2022-01-07,2022,1,7
20220108,2022-01-08,2022,1,8
20220109,2022-01-09,2022,1,9
20220110,2022-01-10,2022,1,10
20220111,2022-01-11,2022,1,11
20220112,2022-01-12,2022,1,12
20220113,2022-01-13,2022,1,13
20220114,2022-01-14,2022,1,14
20220115,2022-01-15,2022,1,15
20220116,2022-01-16,2022,1,16
20220117,2022-01-17,2022,1,17
20220118,2022-01-18,2022,1,18
20220119,2022-01-19,2022,1,19
20220120,2022-01-20,2022,1,20
20220121,2022-01-21,2022,1,21
20220122,2022-01-22,2022,1,22
20220123,2022-01-23,2022,1,23
20220124,2022-01-24,2022,1,24
20220125,2022-01-25,2022,1,25
20220126,2022-01-26,2022,1,26
20220127,2022-01-27,2022,1,27
20220128,2022-01-28,2022,1,28
20220129,2022-01-29,2022,1,29
20220130,2022-01-30,2022,1,30
20220131,2022-01-31,2022,1,31
20220201,2022-02-01,2022,2,1
20220202,2022-02-02,2022,2,2
20220203,2022-02-03,2022,2,3
20220204,2022-02-04,2022,2,4
20220205,2022-02-05,2022,2,5
20220206,2022-02-06,2022,2,6
20220207,2022-02-07,2022,2,7
20220208,2022-02-08,2022,2,8
20220209,2022-02-09,2022,2,9
20220210,2022-02-10,2022,2,10
20220211,2022-02-11,2022,2,11
20220212,2022-02-12,2022,2,12
20220213,2022-02-13,2022,2,13
20220214,2022-02-14,2022,2,14
20220215,2022-02-15,2022,2,15
20220216,2022-02-16,2022,2,16
20220217,2022-02-17,2022,2,17
20220218,2022-02-18,2022,2,18
20220219,2022-02-19,2022,2,19
20220220,2022-02-20,2022,2,20
20220221,2022-02-21,2022,2,21
20220222,2022-02-22,2022,2,22
20220223,2022-02-23,2022,2,23
20220224,2022-02-24,2022,2,24
20220225,2022-02-25,2022,2,25
20220226,2022-02-26,2022,2,26
20220227,2022-02-27,2022,2,27
20220228,2022-02-28,2022,2,28
20220301,2022-03-01,2022,3,1
20220302,2022-03-02,2022,3,2
20220303,2022-03-03,2022,3,3
20220304,2022-03-04,2022,3,4
20220305,2022-03-05,2022,3,5
20220306,2022-03-06,2022,3,6
20220307,2022-03-07,2022,3,7
20220308,2022-03-08,2022,3,8
20220309,2022-03-09,2022,3,9
20220310,2022-03-10,2022,3,10
20220311,2022-03-11,2022,3,11
20220312,2022-03-12,2022,3,12
20220313,2022-03-13,2022,3,13
20220314,2022-03-14,2022,3,14
20220315,2022-03-15,2022,3,15
20220316,2022-03-16,2022,3,16
20220317,2022-03-17,2022,3,17
20220318,2022-03-18,2022,3,18
20220319,2022-03-19,2022,3,19
20220320,2022-03-20,2022,3,20
20220321,2022-03-21,2022,3,21
20220322,2022-03-22,2022,3,22
20220323,2022-03-23,2022,3,23
20220324,2022-03-24,2022,3,24
20220325,2022-03-25,2022,3,25
20220326,2022-03-26,2022,3,26
20220327,2022-03-27,2022,3,27
20220328,2022-03-28,2022,3,28
20220329,2022-03-29,2022,3,29
20220330,2022-03-30,2022,3,30
20220331,2022-03-31,2022,3,31
20220401,2022-04-01,2022,4,1
20220402,2022-04-02,2022,4,2
20220403,2022-04-03,2022,4,3
20220404,2022-04-04,2022,4,4
20220405,2022-04-05,2022,4,5
20220406,2022-04-06,2022,4,6
20220407,2022-04-07,2022,4,7
20220408,2022-04-08,2022,4,8
20220409,2022-04-09,2022,4,9
20220410,2022-04-10,2022,4,10
20220411,2022-04-11,2022,4,11
20220412,2022-04-12,2022,4,12
20220413,2022-04-13,2022,4,13
20220414,2022-04-14,2022,4,14
20220415,2022-04-15,2022,4,15
20220416,2022-04-16,2022,4,16
20220417,2022-04-17,2022,4,17
20220418,2022-04-18,2022,4,18
20220419,2022-04-19,2022,4,19
20220420,2022-04-20,2022,4,20
20220421,2022-04-21,2022,4,21
20220422,2022-04-22,2022,4,22
20220423,2022-04-23,2022,4,23
20220424,2022-04-24,2022,4,24
20220425,2022-04-25,2022,4,25
20220426,2022-04-26,2022,4,26
20220427,2022-04-27,2022,4,27
20220428,2022-04-28,2022,4,28
20220429,2022-04-29,2022,4,29
20220430,2022-04-30,2022,4,30
20220501,2022-05-01,2022,5,1
20220502,2022-05-02,2022,5,2
20220503,2022-05-03,2022,5,3
20220504,2022-05-04,2022,5,4
20220505,2022-05-05,2022,5,5
20220506,2022-05-06,2022,5,6
20220507,2022-05-07,2022,5,7
20220508,2022-05-08,2022,5,8
20220509,2022-05-09,2022,5,9
20220510,2022-05-10,2022,5,10
20220511,2022-05-11,2022,5,11
20220512,2022-05-12,2022,5,12
20220513,2022-05-13,2022,5,13
20220514,2022-05-14,2022,5,14
20220515,2022-05-15,2022,5,15
20220516,2022-05-16,2022,5,16
20220517,2022-05-17,2022,5,17
20220518,2022-05-18,2022,5,18
20220519,2022-05-19,2022,5,19
20220520,2022-05-20,2022,5,20
20220521,2022-05-21,2022,5,21
20220522,2022-05-22,2022,5,22
20220523,2022-05-23,2022,5,23
20220524,2022-05-24,2022,5,24
20220525,2022-05-25,2022,5,25
20220526,2022-05-26,2022,5,26
20220527,2022-05-27,2022,5,27
20220528,2022-05-28,2022,5,28
20220529,2022-05-29,2022,5,29
20220530,2022-05-30,2022,5,30
20220531,2022-05-31,2022,5,31
20220601,2022-06-01,2022,6,1
20220602,2022-06-02,2022,6,2
20220603,2022-06-03,2022,6,3
20220604,2022-06-04,2022,6,4
20220605,2022-06-05,2022,6,5
20220606,2022-06-06,2022,6,6
20220607,2022-06-07,2022,6,7
20220608,2022-06-08,2022,6,8
20220609,2022-06-09,2022,6,9
20220610,2022-06-10,2022,6,10
20220611,2022-06-11,2022,6,11
20220612,2022-06-12,2022,6,12
20220613,2022-06-13,2022,6,13
20220614,2022-06-14,2022,6,14
20220615,2022-06-15,2022,6,15
20220616,2022-06-16,2022,6,16
20220617,2022-06-17,2022,6,17
20220618,2022-06-18,2022,6,18
20220619,2022-06-19,2022,6,19
20220620,2022-06-20,2022,6,20
20220621,2022-06-21,2022,6,21
20220622,2022-06-22,2022,6,22
20220623,2022-06-23,2022,6,23
20220624,2022-06-24,2022,6,24
20220625,2022-06-25,2022,6,25
20220626,2022-06-26,2022,6,26
20220627,2022-06-27,2022,6,27
20220628,2022-06-28,2022,6,28
20220629,2022-06-29,2022,6,29
20220630,2022-06-30,2022,6,30
20220701,2022-07-01,2022,7,1
20220702,2022-07-02,2022,7,2
20220703,2022-07-03,2022,7,3
20220704,2022-07-04,2022,7,4
